title;url;technology
Build an Interpreter;http://www.craftinginterpreters.com/;C/C++
Memory Allocators 101 - Write a simple memory allocator;https://arjunsreedharan.org/post/148675821737/memory-allocators-101-write-a-simple-memory;C/C++
Write a Shell in C;https://brennan.io/2015/01/16/write-a-shell-in-c/;C/C++
Write a FUSE Filesystem;https://www.cs.nmsu.edu/~pfeiffer/fuse-tutorial/;C/C++
Build Your Own Text Editor;http://viewsourcecode.org/snaptoken/kilo/;C/C++
Build Your Own Lisp;http://www.buildyourownlisp.com/;C/C++
How to Program an NES Game in C;https://nesdoug.com/;C/C++
Write an OS from scratch;https://github.com/tuhdo/os01;C/C++
How to create an OS from scratch ;https://github.com/cfenollosa/os-tutorial;C/C++
Building a CHIP-8 Emulator;https://austinmorlan.com/posts/chip8_emulator/;C/C++
Beginning Game Programming with C++ and SDL;http://lazyfoo.net/tutorials/SDL/;C/C++
Implementing a Key-Value Store;http://codecapsule.com/2012/11/07/ikvs-implementing-a-key-value-store-table-of-contents/;C/C++
Tiny Renderer or how OpenGL works: software rendering in 500 lines of code;https://github.com/ssloy/tinyrenderer/wiki;C/C++
Understandable RayTracing in 256 lines of bare C++;https://github.com/ssloy/tinyraytracer/wiki;C/C++
KABOOM! in 180 lines of bare C++;https://github.com/ssloy/tinykaboom/wiki;C/C++
486 lines of C++: old-school FPS in a weekend;https://github.com/ssloy/tinyraycaster/wiki;C/C++
Writing a minimal x86-64 JIT compiler in C++;https://solarianprogrammer.com/2018/01/10/writing-minimal-x86-64-jit-compiler-cpp/;C/C++
Build a Live Code-reloader Library for C++;http://howistart.org/posts/cpp/1/index.html;C/C++
Write a hash table in C;https://github.com/jamesroutley/write-a-hash-table;C/C++
Let's Build a Simple Database;https://cstack.github.io/db_tutorial/;C/C++
Let's Write a Kernel;http://arjunsreedharan.org/post/82710718100/kernel-101-lets-write-a-kernel;C/C++
Write a Bootloader in C;http://3zanders.co.uk/2017/10/13/writing-a-bootloader/;C/C++
Linux Container in 500 Lines of Code;https://blog.lizzie.io/linux-containers-in-500-loc.html;C/C++
Write Your Own Virtual Machine;https://justinmeiners.github.io/lc3-vm/;C/C++
Learning KVM - Implement Your Own Linux Kernel;https://david942j.blogspot.com/2018/10/note-learning-kvm-implement-your-own.html;C/C++
Write a C compiler;https://norasandler.com/2017/11/29/Write-a-Compiler.html;C/C++
Implementing a Language with LLVM;https://llvm.org/docs/tutorial/#kaleidoscope-implementing-a-language-with-llvm;C/C++
Meta Crush Saga: a C++17 compile-time game;https://jguegant.github.io//jguegant.github.io/blogs/tech/meta-crush-saga.html;C/C++
High-Performance Matrix Multiplication;https://gist.github.com/nadavrot/5b35d44e8ba3dd718e595e40184d03f0;C/C++
Space Invaders from Scratch;http://nicktasios.nl/posts/space-invaders-from-scratch-part-1.html;C/C++
Tetris Tutorial in C++ Platform Independent;http://javilop.com/gamedev/tetris-tutorial-in-c-platform-independent-focused-in-game-logic-for-beginners/;C/C++
Writing a Linux Debugger;https://blog.tartanllama.xyz/writing-a-linux-debugger-setup/;C/C++
Learn C# By Building a Simple RPG Game;http://scottlilly.com/learn-c-by-building-a-simple-rpg-index/;C#
Create a Rogue-like game in C#;https://roguesharp.wordpress.com/;C#
Create a Blank App with C# and Xamarin;https://www.intertech.com/Blog/xamarin-tutorial-part-1-create-a-blank-app/;C#
Build iOS Photo Library App with Xamarin and Visual Studio;https://www.raywenderlich.com/134049/building-ios-apps-with-xamarin-and-visual-studio;C#
Building the CoreWiki;https://www.youtube.com/playlist?list=PLVMqA0_8O85yC78I4Xj7z48ES48IQBa7p;C#
Build a Twitter Bot with Clojure;http://howistart.org/posts/clojure/1/index.html;Clojure
Building a Spell-Checker;https://bernhardwenzel.com/articles/clojure-spellchecker/;Clojure
Building a JIRA integration with Clojure & Atlassian Connect;https://hackernoon.com/building-a-jira-integration-with-clojure-atlassian-connect-506ebd112807;Clojure
Prototyping with Clojure;https://github.com/aliaksandr-s/prototyping-with-clojure;Clojure
Building a Simple Chat App With Elixir and Phoenix;https://sheharyar.me/blog/simple-chat-phoenix-elixir/;Elixir
How to write a super fast link shortener with Elixir, Phoenix, and Mnesia;https://medium.com/free-code-camp/how-to-write-a-super-fast-link-shortener-with-elixir-phoenix-and-mnesia-70ffa1564b3c;Elixir
ChatBus : build your first multi-user chat room app with Erlang/OTP;https://medium.com/@kansi/chatbus-build-your-first-multi-user-chat-room-app-with-erlang-otp-b55f72064901;Erlang
Making a Chat App with Erlang, Rebar, Cowboy and Bullet;http://marianoguerra.org/posts/making-a-chat-app-with-erlang-rebar-cowboy-and-bullet.html;Erlang
Write your own Excel in 100 lines of F#;http://tomasp.net/blog/2018/write-your-own-excel;F#
Build a Simple HTTP Server with Java;http://javarevisited.blogspot.com/2015/06/how-to-create-http-server-in-java-serversocket-example.html;Java
Build an Android Flashlight App;https://www.youtube.com/watch?v=dhWL4DC7Krs;Java
Build a Spring Boot App with User Authentication;https://scotch.io/tutorials/build-a-spring-boot-app-with-user-authentication;Java
Build 30 things in 30 days with 30 tutorials;https://javascript30.com;Javascript
Build an App in Pure JS;https://medium.com/codingthesmartway-com-blog/pure-javascript-building-a-real-world-application-from-scratch-5213591cfcd6;Javascript
Build a Jupyter Notebook Extension;https://link.medium.com/wWUO7TN8SS;Javascript
Build A Loading Screen;https://medium.freecodecamp.org/how-to-build-a-delightful-loading-screen-in-5-minutes-847991da509f;Javascript
Build an HTML Calculator with JS;https://medium.freecodecamp.org/how-to-build-an-html-calculator-app-from-scratch-using-javascript-4454b8714b98;Javascript
Create Serverless React.js Apps;http://serverless-stack.com/;React
Create a Trello Clone;http://codeloveandboards.com/blog/2016/01/04/trello-tribute-with-phoenix-and-react-pt-1/;React
Create a Character Voting App with React, Node, MongoDB and SocketIO;https://www.zcfy.cc/original/create-a-character-voting-app-using-react-node-js-mongodb-and-socket-io;React
React Tutorial: Cloning Yelp;https://www.fullstackreact.com/articles/react-tutorial-cloning-yelp/;React
Build a Full Stack Movie Voting App with Test-First Development using Mocha, React, Redux and Immutable;https://teropa.info/blog/2015/09/10/full-stack-redux-tutorial.html;React
Build a Twitter Stream with React and Node;https://scotch.io/tutorials/build-a-real-time-twitter-stream-with-node-and-react-js;React
Build a Serverless MERN Story App with Webtask.io;https://scotch.io/tutorials/build-a-serverless-mern-story-app-with-webtask-io-zero-to-deploy-1;React
Build A Simple Medium Clone using React.js and Node.js;https://codeburst.io/build-simple-medium-com-on-node-js-and-react-js-a278c5192f47;React
Integrate MailChimp in JS;https://medium.freecodecamp.org/how-to-integrate-mailchimp-in-a-javascript-web-app-2a889fb43f6f;React
Build A Chrome Extension with React + Parcel;https://medium.freecodecamp.org/building-chrome-extensions-in-react-parcel-79d0240dd58f;React
Build A ToDo App With React Native;https://blog.hasura.io/tutorial-fullstack-react-native-with-graphql-and-authentication-18183d13373a;React
Make a Chat Application;https://medium.freecodecamp.org/how-to-build-a-chat-application-using-react-redux-redux-saga-and-web-sockets-47423e4bc21a;React
Create a News App with React Native;https://medium.freecodecamp.org/create-a-news-app-using-react-native-ced249263627;React
Learn Webpack For React;https://medium.freecodecamp.org/learn-webpack-for-react-a36d4cac5060;React
Testing React App With Pupepeteer and Jest;https://blog.bitsrc.io/testing-your-react-app-with-puppeteer-and-jest-c72b3dfcde59;React
Build Your Own React Boilerplate;https://medium.freecodecamp.org/how-to-build-your-own-react-boilerplate-2f8cbbeb9b3f;React
Code The Game Of Life With React;https://medium.freecodecamp.org/create-gameoflife-with-react-in-one-hour-8e686a410174;React
A Basic React+Redux Introductory Tutorial;https://hackernoon.com/a-basic-react-redux-introductory-tutorial-adcc681eeb5e;React
Build an Appointment Scheduler;https://hackernoon.com/build-an-appointment-scheduler-using-react-twilio-and-cosmic-js-95377f6d1040;React
Build A Chat App with Sentiment Analysis;https://codeburst.io/build-a-chat-app-with-sentiment-analysis-using-next-js-c43ebf3ea643;React
Build A Full Stack Web Application Setup;https://hackernoon.com/full-stack-web-application-using-react-node-js-express-and-webpack-97dbd5b9d708;React
Create Todoist clone with React and Firebase;https://www.youtube.com/watch?v=hT3j87FMR6M;React
Build A Random Quote Machine;https://www.youtube.com/watch?v=3QngsWA9IEE;React
Build an Instagram Clone with Angular 1.x;https://hackhands.com/building-instagram-clone-angularjs-satellizer-nodejs-mongodb/;Angular
Build an offline-capable Hacker News client with Angular 2+;https://houssein.me/angular2-hacker-news;Angular
Build a Google+ clone with Django and AngularJS with Angular 1.x;https://thinkster.io/django-angularjs-tutorial;Angular
Build A Beautiful Real World App with Angular 8;https://medium.com/@hamedbaatour/build-a-real-world-beautiful-web-app-with-angular-6-a-to-z-ultimate-guide-2018-part-i-e121dd1d55e;Angular
Build Responsive layout with BootStrap 4 and Angular 6;https://medium.com/@tomastrajan/how-to-build-responsive-layouts-with-bootstrap-4-and-angular-6-cfbb108d797b;Angular
ToDo App with Angular 5;http://www.discoversdk.com/blog/angular-5-to-do-list-app-part-1;Angular
Build A Simple Website With Node, Express and MongoDB;https://closebrace.com/tutorials/2017-03-02/the-dead-simple-step-by-step-guide-for-front-end-developers-to-getting-up-and-running-with-nodejs-express-and-mongodb;NodeJS
Build a real-time Markdown Editor with NodeJS;https://scotch.io/tutorials/building-a-real-time-markdown-viewer;NodeJS
Test-Driven Development with Node, Postgres and Knex;http://mherman.org/blog/2016/04/28/test-driven-development-with-node/;NodeJS
Write a Twitter Bot in Node.js;https://codeburst.io/build-a-simple-twitter-bot-with-node-js-in-just-38-lines-of-code-ed92db9eb078;NodeJS
Create A Simple RESTFUL Web App;https://closebrace.com/tutorials/2017-03-02/creating-a-simple-restful-web-app-with-nodejs-express-and-mongodb;NodeJS
Build A Simple Search Bot in 30 minutes;https://medium.freecodecamp.org/how-to-build-a-simple-search-bot-in-30-minutes-eb56fcedcdb1;NodeJS
Build A Job Scraping Web App;https://medium.freecodecamp.org/how-i-built-a-job-scraping-web-app-using-node-js-and-indreed-7fbba124bbdc;NodeJS
Vue 2 + Firebase: How to build a Vue app with Firebase authentication system in 15 minutes;https://medium.com/@anas.mammeri/vue-2-firebase-how-to-build-a-vue-app-with-firebase-authentication-system-in-15-minutes-fdce6f289c3c;VueJS
Vue.js Application Tutorial – Creating a Simple Budgeting App with Vue;https://matthiashager.com/complete-vuejs-application-tutorial/;VueJS
Build a Blog with Vue, GraphQL and Apollo;https://scotch.io/tutorials/build-a-blog-with-vue-graphql-and-apollo-client;VueJS
Build a full stack web application using MEVN MongoDB, Express, Vue, Node stack;https://medium.com/@anaida07/mevn-stack-application-part-1-3a27b61dcae0;VueJS
Vue.js To-Do List Tutorial;https://www.youtube.com/watch?v=78tNYZUS-ps;VueJS
Keddit - Learn Kotlin While Developing an Android Application;https://medium.com/@juanchosaravia/learn-kotlin-while-developing-an-android-app-introduction-567e21ff9664;Kotlin
Mining Twitter Data with Python;https://marcobonzanini.com/2015/03/02/mining-twitter-data-with-python-part-1/;Python
Scrape a Website with Scrapy and MongoDB;https://realpython.com/blog/python/web-scraping-with-scrapy-and-mongodb/;Python
How To Scrape With Python and Selenium WebDriver;http://www.byperth.com/2018/04/25/guide-web-scraping-101-what-you-need-to-know-and-how-to-scrape-with-python-selenium-webdriver/;Python
Which Movie Should I Watch using BeautifulSoup;https://medium.com/@nishantsahoo.in/which-movie-should-i-watch-5c83a3c0f5b1;Python
Build a Microblog with Flask;https://blog.miguelgrinberg.com/post/the-flask-mega-tutorial-part-i-hello-world;Python
Create a Blog Web App In Django;https://tutorial.djangogirls.org/en/;Python
Choose Your Own Adventure Presentations;https://www.twilio.com/blog/2015/03/choose-your-own-adventures-presentations-wizard-mode-part-1-of-3.html;Python
Build a Todo List with Flask and RethinkDB;https://realpython.com/blog/python/rethink-flask-a-simple-todo-list-powered-by-flask-and-rethinkdb/;Python
Build a Todo List with Django and Test-Driven Development;http://www.obeythetestinggoat.com/;Python
Build a RESTful Microservice in Python;http://www.skybert.net/python/developing-a-restful-micro-service-in-python/;Python
Microservices with Docker, Flask, and React;https://testdriven.io/;Python
Build A Simple Web App With Flask;https://pythonspot.com/flask-web-app-with-python/;Python
Build a RESTful API with Flask – The TDD Way;https://scotch.io/tutorials/build-a-restful-api-with-flask-the-tdd-way;Python
Create A Django API in under 20 minutes;https://codeburst.io/create-a-django-api-in-under-20-minutes-2a082a60f6f3;Python
Build a Reddit Bot;http://pythonforengineers.com/build-a-reddit-bot-part-1/;Python
How to Make a Reddit Bot - YouTube;https://www.youtube.com/watch?v=krTUf7BpTc0;Python 
Build a Facebook Messenger Bot;https://blog.hartleybrody.com/fb-messenger-bot/;Python
Making a Reddit + Facebook Messenger Bot;https://pythontips.com/2017/04/13/making-a-reddit-facebook-messenger-bot/;Python
How To Create a Telegram Bot Using Python;https://khashtamov.com/en/how-to-create-a-telegram-bot-using-python/;Python
Create a Twitter Bot In Python;https://medium.freecodecamp.org/creating-a-twitter-bot-in-python-with-tweepy-ac524157a607;Python
Learn Python For Data Science by Doing Several Projects;https://www.youtube.com/watch?v=T5pRlIbr6gg;Python
Write Linear Regression From Scratch in Python;https://www.youtube.com/watch?v=uwwWVAgJBcM;Python 
Step-By-Step Machine Learning In Python;https://machinelearningmastery.com/machine-learning-in-python-step-by-step/;Python
Predict Quality Of Wine;https://medium.freecodecamp.org/using-machine-learning-to-predict-the-quality-of-wines-9e2e13d7480d;Python
Solving A Fruits Classification Problem;https://towardsdatascience.com/solving-a-simple-classification-problem-with-python-fruits-lovers-edition-d20ab6b071d2;Python
Learn Unsupervised Learning with Python;https://towardsdatascience.com/unsupervised-learning-with-python-173c51dc7f03;Python
Build Your Own Neural Net from Scratch in Python;https://towardsdatascience.com/how-to-build-your-own-neural-network-from-scratch-in-python-68998a08e4f6;Python
Linear Regression in Python without sklearn;https://medium.com/we-are-orb/linear-regression-in-python-without-scikit-learn-50aef4b8d122;Python
Multivariate Linear Regression without sklearn;https://medium.com/we-are-orb/multivariate-linear-regression-in-python-without-scikit-learn-7091b1d45905;Python
Music Recommender using KNN;https://towardsdatascience.com/how-to-build-a-simple-song-recommender-296fcbc8c85;Python
Find Similar Quora Questions;https://towardsdatascience.com/finding-similar-quora-questions-with-bow-tfidf-and-random-forest-c54ad88d1370;Python
Build A Document Scanner;https://www.pyimagesearch.com/2014/09/01/build-kick-ass-mobile-document-scanner-just-5-minutes/;Python
Build A Face Detector using OpenCV and Deep Learning;https://www.pyimagesearch.com/2018/02/26/face-detection-with-opencv-and-deep-learning/;Python
Build a Face Recognition System using OpenCV, Python and Deep Learning;https://www.pyimagesearch.com/2018/06/18/face-recognition-with-opencv-python-and-deep-learning/;Python
Detect The Salient Features in an Image;https://www.pyimagesearch.com/2018/07/16/opencv-saliency-detection/;Python
Build A Barcode Scanner;https://www.pyimagesearch.com/2018/05/21/an-opencv-barcode-and-qr-code-scanner-with-zbar/;Python
Learn Face Clustering with Python;https://www.pyimagesearch.com/2018/07/09/face-clustering-with-python/;Python
Object Tracking with Camshift;https://www.pyimagesearch.com/wp-content/uploads/2014/11/opencv_crash_course_camshift.pdf;Python
Semantic Segmentation with OpenCV and Deep Learning;https://www.pyimagesearch.com/2018/09/03/semantic-segmentation-with-opencv-and-deep-learning/;Python
Text Detection in Images and Videos;https://www.pyimagesearch.com/2018/08/20/opencv-text-detection-east-text-detector/;Python
People Counter using OpenCV;https://www.pyimagesearch.com/2018/08/13/opencv-people-counter/;Python
Tracking Multiple Objects with OpenCV;https://www.pyimagesearch.com/2018/08/06/tracking-multiple-objects-with-opencv/;Python
Neural Style Transfer with OpenCV;https://www.pyimagesearch.com/2018/08/27/neural-style-transfer-with-opencv/;Python
OpenCV OCR and Text Recognition;https://www.pyimagesearch.com/2018/09/17/opencv-ocr-and-text-recognition-with-tesseract/;Python
Text Skew Correction Tutorial;https://www.pyimagesearch.com/2017/02/20/text-skew-correction-opencv-python/;Python
Facial Landmark Detection Tutorial;https://www.pyimagesearch.com/2017/04/03/facial-landmarks-dlib-opencv-python/;Python
Object Detection using Mask-R-CNN;https://www.learnopencv.com/deep-learning-based-object-detection-and-instance-segmentation-using-mask-r-cnn-in-opencv-python-c/;Python
Automatic Target Detection Tutorial;https://www.pyimagesearch.com/2015/05/04/target-acquired-finding-targets-in-drone-and-quadcopter-video-streams-using-python-and-opencv/;Python
EigenFaces using OpenCV;https://www.learnopencv.com/eigenface-using-opencv-c-python/;Python
Faster 5-point Facial Landmark Detection Tutorial;https://www.pyimagesearch.com/2018/04/02/faster-facial-landmark-detector-with-dlib/;Python
Hand Keypoint Detection;https://www.learnopencv.com/hand-keypoint-detection-using-deep-learning-and-opencv/;Python
Dlib Correlation Object Tracking;https://www.pyimagesearch.com/2018/10/22/object-tracking-with-dlib/;Python
Image Stitching with OpenCV and Python;https://www.pyimagesearch.com/2018/12/17/image-stitching-with-opencv-and-python/;Python
Instance Segmentation with OpenCV;https://www.pyimagesearch.com/2018/11/26/instance-segmentation-with-opencv/;Python
Face mask detector;https://www.pyimagesearch.com/2020/05/04/covid-19-face-mask-detector-with-opencv-keras-tensorflow-and-deep-learning/;Python
Using Convolutional Neural Nets to Detect Facial Keypoints;http://danielnouri.org/notes/2014/12/17/using-convolutional-neural-nets-to-detect-facial-keypoints-tutorial/;Python
Generate an Average Face using Python and OpenCV;https://www.learnopencv.com/average-face-opencv-c-python-tutorial/;Python
Break A Captcha System using CNNs;https://medium.com/@ageitgey/how-to-break-a-captcha-system-in-15-minutes-with-machine-learning-dbebb035a710;Python
Use pre-trained Inception model to provide image predictions;https://medium.com/google-cloud/keras-inception-v3-on-google-compute-engine-a54918b0058;Python
Create your first CNN;https://hackernoon.com/deep-learning-cnns-in-tensorflow-with-gpus-cba6efe0acc2;Python
Build A Facial Recognition Pipeline;https://hackernoon.com/building-a-facial-recognition-pipeline-with-deep-learning-in-tensorflow-66e7645015b8;Python
Build An Image Caption Generator;https://medium.freecodecamp.org/building-an-image-caption-generator-with-deep-learning-in-tensorflow-a142722e9b1f;Python
Make your Own Face Recognition System;https://medium.freecodecamp.org/making-your-own-face-recognition-system-29a8e728107c;Python
Train a Language Detection AI in 20 minutes;https://towardsdatascience.com/how-i-trained-a-language-detection-ai-in-20-minutes-with-a-97-accuracy-fdeca0fb7724;Python
Object Detection With Neural Networks;https://towardsdatascience.com/object-detection-with-neural-networks-a4e2c46b4491;Python
Learn Twitter Sentiment Analysis;https://towardsdatascience.com/another-twitter-sentiment-analysis-bb5b01ebad90;Python 
Use Transfer Learning for custom image classification;https://becominghuman.ai/transfer-learning-retraining-inception-v3-for-custom-image-classification-2820f653c557;Python
Learn to Code a simple Neural Network in 11 lines of Python;https://iamtrask.github.io/2015/07/12/basic-python-network/;Python
Build a Neural Network using Gradient Descent Approach;https://iamtrask.github.io/2015/07/27/python-network-part2/;Python
Train a Keras Model To Generate Colors;https://heartbeat.fritz.ai/how-to-train-a-keras-model-to-generate-colors-3bc79e54971b;Python
Get Started with Keras on a Custom Dataset;https://www.pyimagesearch.com/2018/09/10/keras-tutorial-how-to-get-started-with-keras-deep-learning-and-python/;Python
Use EigenFaces and FisherFaces on Faces94 dataset;https://nicholastsmith.wordpress.com/2016/02/18/eigenfaces-versus-fisherfaces-on-the-faces94-database-with-scikit-learn/;Python
Kaggle MNIST Digit Recognizer Tutorial;https://medium.com/@lvarruda/how-to-get-top-2-position-on-kaggles-mnist-digit-recognizer-48185d80a2d4;Python
Fashion MNIST tutorial with tf.keras;https://medium.com/tensorflow/hello-deep-learning-fashion-mnist-with-keras-50fcff8cd74a;Python
CNN using Keras to automatically classify root health;https://www.pyimagesearch.com/2018/10/15/deep-learning-hydroponics-and-medical-marijuana/;Python
Keras vs Tensorflow;https://www.pyimagesearch.com/2018/10/08/keras-vs-tensorflow-which-one-is-better-and-which-one-should-i-learn/;Python
Deep Learning and Medical Image Analysis for Malaria Detection;https://www.pyimagesearch.com/2018/12/03/deep-learning-and-medical-image-analysis-with-keras/;Python
Transfer Learning for Image Classification using Keras;https://towardsdatascience.com/transfer-learning-for-image-classification-using-keras-c47ccf09c8c8;Python
Code a Smile Classifier using CNNS in Python;https://github.com/kylemcdonald/SmileCNN;Python
Natural Language Processing using scikit-learn;https://towardsdatascience.com/natural-language-processing-count-vectorization-with-scikit-learn-e7804269bb5e;Python
Code a Taylor Swift Lyrics Generator;https://towardsdatascience.com/ai-generates-taylor-swifts-song-lyrics-6fd92a03ef7e;Python
Build a Simple Interpreter;https://ruslanspivak.com/lsbasi-part1/;Python
Build a Simple Blockchain in Python;https://hackernoon.com/learn-blockchains-by-building-one-117428612f46;Python
Write a NoSQL Database in Python;https://jeffknupp.com/blog/2014/09/01/what-is-a-nosql-database-learn-by-writing-one-in-python/;Python
Building a Gas Pump Scanner with OpenCV/Python/iOS;https://hackernoon.com/building-a-gas-pump-scanner-with-opencv-python-ios-116fe6c9ae8b;Python
Build a Distributed Streaming System with Python and Kafka;https://codequs.com/p/S14jQ5UyG/build-a-distributed-streaming-system-with-apache-kafka-and-python;Python
Writing a basic x86-64 JIT compiler from scratch in stock Python;https://csl.name/post/python-jit/;Python
Making a low level Linux debugger;https://blog.asrpo.com/making_a_low_level_debugger;Python
Implementing a Search Engine;http://www.ardendertat.com/2011/05/30/how-to-implement-a-search-engine-part-1-create-index/;Python
Build the Game of Life;https://robertheaton.com/2018/07/20/project-2-game-of-life/;Python
Create terminal ASCII art;https://robertheaton.com/2018/06/12/programming-projects-for-advanced-beginners-ascii-art/;Python
Write a Tic-Tac-Toe AI;https://robertheaton.com/2018/10/09/programming-projects-for-advanced-beginners-3-a/;Python
Create photomosaic art;https://robertheaton.com/2018/11/03/programming-project-4-photomosaics/;Python
Build the game Snake in the terminal;https://robertheaton.com/2018/12/02/programming-project-5-snake/;Python
Write yourself a Git;https://wyag.thb.lt/;Python
A Python implementation of a Python bytecode runner;https://www.aosabook.org/en/500L/a-python-interpreter-written-in-python.html;Python
Create a Real Time Chat App with Golang, Angular 2, and WebSocket;https://www.thepolyglotdeveloper.com/2016/12/create-real-time-chat-app-golang-angular-2-websockets/;Golang
Building Go Web Applications and Microservices Using Gin;https://semaphoreci.com/community/tutorials/building-go-web-applications-and-microservices-using-gin;Golang
How to Use Godog for Behavior-driven Development in Go et started with Godog;https://semaphoreci.com/community/tutorials/how-to-use-godog-for-behavior-driven-development-in-go;Golang
Building Blockchain in Go;https://jeiwan.net/posts/building-blockchain-in-go-part-1/;Golang
Build Web Application with GoLang;https://legacy.gitbook.com/book/astaxie/build-web-application-with-golang/details;Golang
Building a container from scratch in Go - Liz Rice Microscaling Systems;https://www.youtube.com/watch?v=8fi7uSYlOdc;Golang
How To Build A Blog With Laravel;https://www.youtube.com/playlist?list=PLwAKR305CRO-Q90J---jXVzbOd4CDRbVx; PHP
Make Your Own Blog in Pure PHP;http://ilovephp.jondh.me.uk/en/tutorial/make-your-own-blog;PHP
Build A Real Estate Website Example with SilverStripe;https://www.silverstripe.org/learn/lessons/;PHP
Building Realtime Chat App with Laravel 5.4 and VueJS;https://www.youtube.com/playlist?list=PLXsbBbd36_uVjOFH_P25__XAyGsohXWlv; PHP
Build A Social Network: Laravel 5 - Youtube;https://www.youtube.com/playlist?list=PLfdtiltiRHWGGxaR6uFtwZnnbcXqyq8JD; PHP
Build a full-featured multi-tenant app with Laravel;https://medium.com/@ashokgelal/writing-a-full-featured-multi-tenant-laravel-app-from-scratch-a0e1a7350d9d;PHP
Implement a Language with LLVM in OCaml;https://llvm.org/docs/tutorial/#kaleidoscope-implementing-a-language-with-llvm-in-objective-caml;OCaml
Build a Network Stack with Ruby;https://medium.com/geckoboard-under-the-hood/how-to-build-a-network-stack-in-ruby-f73aeb1b661b;Ruby
Build your own Redis;https://rohitpaulk.com/articles/redis-0;Ruby
Build Instagram From Scratch with Ruby on Rails;https://www.dropbox.com/s/9vq430e9s3q7pu8/Let%27s%20Build%20Instagram%20with%20Ruby%20on%20Rails%20-%20Free%20Edition.pdf?dl=0;Ruby on Rails
Build a Social Network using Rails;https://medium.com/rails-ember-beyond/how-to-build-a-social-network-using-rails-eb31da569233;Ruby on Rails
How To Build a Ruby on Rails Application;https://www.digitalocean.com/community/tutorials/how-to-build-a-ruby-on-rails-application;Ruby on Rails
Write You a Haskell - Build a modern functional compiler;http://dev.stephendiehl.com/fun/;Haskell
Write Yourself a Scheme in 48 hours;https://en.wikibooks.org/wiki/Write_Yourself_a_Scheme_in_48_Hours;Haskell
Write You A Scheme, Version 2;https://github.com/write-you-a-scheme-v2/scheme;Haskell
Roll Your Own IRC Bot;https://wiki.haskell.org/Roll_your_own_IRC_bot;Haskell
Let's Build A Basic Compiler in Haskell;https://g-ford.github.io/cradle/;Haskell
Making Movie Monad;https://lettier.github.io/posts/2016-08-15-making-movie-monad.html;Haskell
Build Web Apps with Shiny;http://shiny.rstudio.com/tutorial/;R
Build A Cryptocurrency Bot;https://towardsdatascience.com/build-a-cryptocurrency-trading-bot-with-r-1445c429e1b1;R
Learn Associate Rule Mining in R;https://towardsdatascience.com/association-rule-mining-in-r-ddf2d044ae50;R
A Simple Web App in Rust;http://joelmccracken.github.io/entries/a-simple-web-app-in-rust-pt-1/;Rust
Write an OS in pure Rust;https://os.phil-opp.com/;Rust
Build a browser engine in Rust;https://limpet.net/mbrubeck/2014/08/08/toy-layout-engine-1.html;Rust
Write a Microservice in Rust;http://www.goldsborough.me/rust/web/tutorial/2018/01/20/17-01-11-writing_a_microservice_in_rust/;Rust
Learning Rust with Too Many Linked Lists;http://cglab.ca/~abeinges/blah/too-many-lists/book/README.html;Rust
Rust in Detail: Writing Scalable Chat Service from Scratch;https://nbaksalyar.github.io/2015/07/10/writing-chat-in-rust.html;Rust
Writing a Rust Roguelike for the Desktop and the Web;https://aimlesslygoingforward.com/blog/2019/02/09/writing-a-rust-roguelike-for-the-desktop-and-the-web/;Rust
Simple actor-based blockchain;https://www.freecodecamp.org/news/how-to-build-a-simple-actor-based-blockchain-aac1e996c177/;Scala
No Magic: Regular Expressions;https://rcoh.svbtle.com/no-magic-regular-expressions;Scala
Hacking with Swift - Learn Swift by doing 39 projects;https://www.hackingwithswift.com/read;Swift
Travel Bucket List Map with Gatsby and GraphCMS;https://projectlearn.io/learn/web-development/project/travel-bucket-list-map-with-gatsby-and-graphcms-168?from=github;Gatsby, Leaflet, GraphCMS, HTML, CSS
Memory Card Game with Vue.js;https://projectlearn.io/learn/web-development/project/memory-card-game-with-vue.js-167?from=github;Vue, JavaScript, HTML, CSS
Strapi and GatsbyJS Course - Portfolio Project;https://projectlearn.io/learn/web-development/project/strapi-and-gatsbyjs-course---portfolio-project-166?from=github;Strapi, Gatsby, JavaScript, HTML, CSS
Storybook - Node, Express, MongoDB and Google OAuth;https://projectlearn.io/learn/web-development/project/storybook---node,-express,-mongodb-and-google-oauth-165?from=github;MongoDB, Node, JavaScript, HTML, CSS
Breathe and Relax App - JavaScript and CSS Animations;https://projectlearn.io/learn/web-development/project/breathe-and-relax-app---javascript-and-css-animations-164?from=github;JavaScript, HTML, CSS
Node.js CLI For Cryptocurrency Prices;https://projectlearn.io/learn/web-development/project/node.js-cli-for-cryptocurrency-prices-163?from=github;Node, JavaScript
React and Tailwind CSS Image Gallery;https://projectlearn.io/learn/web-development/project/react-and-tailwind-css-image-gallery-162?from=github;React, Tailwind, JavaScript, HTML, CSS
Pomodoro Clock using React;https://projectlearn.io/learn/web-development/project/pomodoro-clock-using-react-161?from=github;React, JavaScript, HTML, CSS
Keyword Density Tool with Laravel from Scratch;https://projectlearn.io/learn/web-development/project/keyword-density-tool-with-laravel-from-scratch-160?from=github;Laravel, PHP, JQuery, AJAX, SEO
YouTube Clone using Yii2 PHP Framework;https://projectlearn.io/learn/web-development/project/youtube-clone-using-yii2-php-framework-159?from=github;Yii2, PHP
Reddit Clone with React, GraphQL and Amplify;https://projectlearn.io/learn/web-development/project/reddit-clone-with-react,-graphql-and-amplify-157?from=github;React, Amplify, AWS, GraphQL, Node
Full-Stack Yelp Clone with React and GraphQL;https://projectlearn.io/learn/web-development/project/full-stack-yelp-clone-with-react-and-graphql-155?from=github;React, GraphQL, HTML, CSS, JavaScript
Pokémon Web App with React Hooks and Context API;https://projectlearn.io/learn/web-development/project/pokémon-web-app-with-react-hooks-and-context-api-154?from=github;React, HTML, CSS, JavaScript
Watershed Monitor using JavaScript and Rails;https://projectlearn.io/learn/web-development/project/watershed-monitor-using-javascript-and-rails-153?from=github;Ruby, Rails, JavaScript
Climate Data Dashboard using React and Redux;https://projectlearn.io/learn/web-development/project/climate-data-dashboard-using-react-and-redux-152?from=github;React, Redux, HTML, CSS, JavaScript
Flipping UNO Cards using only CSS;https://projectlearn.io/learn/web-development/project/flipping-uno-cards-using-only-css-151?from=github;HTML, CSS
Chat App with Redis, WebSocket and Go;https://projectlearn.io/learn/web-development/project/chat-app-with-redis,-websocket-and-go-146?from=github;Redis, Web Socket, Go, Azure
Spotify Login Animation With React Navigation;https://projectlearn.io/learn/web-development/project/spotify-login-animation-with-react-navigation-145?from=github;React, HTML, CSS, JavaScript
Dynamic Weather Interface with just CSS;https://projectlearn.io/learn/web-development/project/dynamic-weather-interface-with-just-css-144?from=github;HTML, CSS
Simple CRUD App with Airtable and Vue;https://projectlearn.io/learn/web-development/project/simple-crud-app-with-airtable-and-vue-143?from=github;Airtable, Vue, Vuetify, API, HTML
Full Stack RPG Character Generator with MEVN stack;https://projectlearn.io/learn/web-development/project/full-stack-rpg-character-generator-with-mevn-stack-142?from=github;MongoDB, Express, Vue, Node, HTML
Todo App with the PERN stack;https://projectlearn.io/learn/web-development/project/todo-app-with-the-pern-stack-141?from=github;PostgreSQL, Express, React, Node, HTML
Summer Road Trip Mapping App with Gatsby;https://projectlearn.io/learn/web-development/project/summer-road-trip-mapping-app-with-gatsby-140?from=github;React, Gatsby, Leaflet
Multiplayer Card Game with Socket.io;https://projectlearn.io/learn/web-development/project/multiplayer-card-game-with-socket.io-139?from=github;Phaser 3, Express, Socket.io, JavaScript
COVID-19 Dashboard and Map App with Gatsby;https://projectlearn.io/learn/web-development/project/covid-19-dashboard-and-map-app-with-gatsby-138?from=github;React, Gatsby, Leaflet
Flashcard Quiz With React;https://projectlearn.io/learn/web-development/project/flashcard-quiz-with-react-125?from=github;React, API, JavaScript, HTML5, CSS3
Whack-a-Mole with pure JavaScript;https://projectlearn.io/learn/web-development/project/whack-a-mole-with-pure-javascript-124?from=github;JavaScript, HTML5, CSS3
NOKIA 3310 Snake Game using JavaScript;https://projectlearn.io/learn/web-development/project/nokia-3310-snake-game-using-javascript-123?from=github;JavaScript, HTML5, CSS3
Rock Paper Scissors in vanilla JavaScript;https://projectlearn.io/learn/web-development/project/rock-paper-scissors-in-vanilla-javascript-122?from=github;JavaScript, HTML5, CSS3
Tetris with pure JavaScript;https://projectlearn.io/learn/web-development/project/tetris-with-pure-javascript-121?from=github;JavaScript, HTML5, CSS3
Meme Maker with React;https://projectlearn.io/learn/web-development/project/meme-maker-with-react-119?from=github;React, JavaScript, HTML5, CSS3
Evernote Clone with React;https://projectlearn.io/learn/web-development/project/evernote-clone-with-react-118?from=github;React, Firebase, Node, JavaScript, HTML5
Developer Meetup App with Vue;https://projectlearn.io/learn/web-development/project/developer-meetup-app-with-vue-117?from=github;Vue, Firebase, Vuetify, JavaScript, HTML5
Real-Time Chat App with Vue;https://projectlearn.io/learn/web-development/project/real-time-chat-app-with-vue-116?from=github;Vue, Firebase, Vuex, JavaScript, HTML5
Cryptocurrency Tracker with Vue;https://projectlearn.io/learn/web-development/project/cryptocurrency-tracker-with-vue-115?from=github;Vue, Vuetify, API, JavaScript, HTML5
Multiplayer Quiz Game with Vue;https://projectlearn.io/learn/web-development/project/multiplayer-quiz-game-with-vue-114?from=github;Vue, Pusher, Node, Express, JavaScript
Minesweeper Game with Vue;https://projectlearn.io/learn/web-development/project/minesweeper-game-with-vue-113?from=github;Vue, Vuex, Vuetify, JavaScript, HTML5
Instagram Clone with Vue;https://projectlearn.io/learn/web-development/project/instagram-clone-with-vue-112?from=github;Vue, CSSGram, JavaScript, HTML5, CSS3
Hacker News Clone with Angular;https://projectlearn.io/learn/web-development/project/hacker-news-clone-with-angular-111?from=github;Angular, Lighthouse, JavaScript, HTML5, CSS3
Chat Interface;https://projectlearn.io/learn/web-development/project/chat-interface-110?from=github;HTML5, CSS3
Pure CSS3 Tooltip;https://projectlearn.io/learn/web-development/project/pure-css3-tooltip-109?from=github;HTML5, CSS3
Social Media Buttons;https://projectlearn.io/learn/web-development/project/social-media-buttons-108?from=github;HTML5, CSS3
Testimonial Card;https://projectlearn.io/learn/web-development/project/testimonial-card-107?from=github;HTML5, CSS3
Navigation Bar with CSS3 Flexbox;https://projectlearn.io/learn/web-development/project/navigation-bar-with-css3-flexbox-106?from=github;HTML5, CSS3
Mobile App Layout with CSS3 Flexbox;https://projectlearn.io/learn/web-development/project/mobile-app-layout-with-css3-flexbox-105?from=github;HTML5, CSS3
Reddit-inspired Loading Spinner;https://projectlearn.io/learn/web-development/project/reddit-inspired-loading-spinner-104?from=github;HTML5, CSS3
Calendar with CSS3 Grid;https://projectlearn.io/learn/web-development/project/calendar-with-css3-grid-103?from=github;JavaScript, HTML5, CSS3
Tetris Game in React;https://projectlearn.io/learn/web-development/project/tetris-game-in-react-102?from=github;React, JavaScript, HTML5, CSS3
2D Breakout Game;https://projectlearn.io/learn/web-development/project/2d-breakout-game-101?from=github;JavaScript, HTML5, CSS3
Sprite Animation;https://projectlearn.io/learn/web-development/project/sprite-animation-100?from=github;JavaScript, HTML5, CSS3
Snake Game;https://projectlearn.io/learn/web-development/project/snake-game-99?from=github;JavaScript, HTML5, CSS3
Memory Game;https://projectlearn.io/learn/web-development/project/memory-game-98?from=github;JavaScript, HTML5, CSS3
Simple Authentication and Authorization;https://projectlearn.io/learn/web-development/project/simple-authentication-and-authorization-97?from=github;GraphQL, Apollo, Node, JavaScript, HTML5
Cryptocurrency Tracker;https://projectlearn.io/learn/web-development/project/cryptocurrency-tracker-96?from=github;NextJS, GraphQL, Apollo, Node, JavaScript
Instant Search With Vanilla Javascript;https://projectlearn.io/learn/web-development/project/instant-search-with-vanilla-javascript-95?from=github;JavaScript, HTML5, CSS3
Calculator App;https://projectlearn.io/learn/web-development/project/calculator-app-94?from=github;JavaScript, HTML5, CSS3
Todo App;https://projectlearn.io/learn/web-development/project/todo-app-45?from=github;Vue, JavaScript, CSS3, HTML5
Blog App;https://projectlearn.io/learn/web-development/project/blog-app-44?from=github;Vue, GraphQL, Apollo, JavaScript, CSS3
Simple Budgeting App;https://projectlearn.io/learn/web-development/project/simple-budgeting-app-43?from=github;Vue, Bulma, JavaScript, CSS3, HTML5
Search Bot;https://projectlearn.io/learn/web-development/project/search-bot-42?from=github;Node, Twilio, Cheerio, API, Automation
Twitter Bot;https://projectlearn.io/learn/web-development/project/twitter-bot-41?from=github;Node, JavaScript, API, Automation
Real-Time Markdown Editor;https://projectlearn.io/learn/web-development/project/real-time-markdown-editor-40?from=github;Node, JavaScript, Express, Redis, HTML5
Todo App;https://projectlearn.io/learn/web-development/project/todo-app-39?from=github;Angular, TypeScript, RxJS, HTML5, CSS3
Hacker News Client;https://projectlearn.io/learn/web-development/project/hacker-news-client-38?from=github;Angular, RxJS, Webpack, HTML5, CSS3
Random Quote Machine;https://projectlearn.io/learn/web-development/project/random-quote-machine-37?from=github;React, JavaScript, HTML5, CSS3
Todoist Clone;https://projectlearn.io/learn/web-development/project/todoist-clone-36?from=github;React, Firebase, JavaScript, Testing, HTML5
Chat App with Sentiment Analysis;https://projectlearn.io/learn/web-development/project/chat-app-with-sentiment-analysis-35?from=github;NextJS, Pusher, Sentiment, Node, React
Appointment Scheduler;https://projectlearn.io/learn/web-development/project/appointment-scheduler-34?from=github;React, Twilio, CosmicJS, Material-UI, JavaScript
Game of Life;https://projectlearn.io/learn/web-development/project/game-of-life-33?from=github;React, 2D, JavaScript, HTML5, CSS3
News App;https://projectlearn.io/learn/web-development/project/news-app-32?from=github;React Native, Node, API, React, JavaScript
Chat App;https://projectlearn.io/learn/web-development/project/chat-app-31?from=github;React, Redux, Redux Saga, Web Sockets, Node
Todo App;https://projectlearn.io/learn/web-development/project/todo-app-30?from=github;React Native, GraphQL, Apollo, API, Hasura
Chrome Extension;https://projectlearn.io/learn/web-development/project/chrome-extension-29?from=github;React, Parcel, JavaScript, HTML5, CSS3
Real-Time Twitter Stream;https://projectlearn.io/learn/web-development/project/real-time-twitter-stream-28?from=github;React, Node, API, Express, Handlebars
Movie Voting App;https://projectlearn.io/learn/web-development/project/movie-voting-app-27?from=github;React, Redux, API, Immutable, JavaScript
Trello Clone;https://projectlearn.io/learn/web-development/project/trello-clone-25?from=github;React, Elixir, Phoenix, JWT, JavaScript
Wiki-Style CMS;https://projectlearn.io/learn/web-development/project/wiki-style-cms-18?from=github;C#, .NET, Razor Pages
Spotify Inspired Web Design;https://projectlearn.io/learn/web-development/project/spotify-inspired-web-design-15?from=github;HTML5, CSS3
Microsoft Homepage Clone;https://projectlearn.io/learn/web-development/project/microsoft-homepage-clone-14?from=github;HTML5, CSS3, JavaScript
Simple Gantt Chart;https://projectlearn.io/learn/web-development/project/simple-gantt-chart-13?from=github;HTML5, CSS3, JavaScript
Job Scraping App;https://projectlearn.io/learn/web-development/project/job-scraping-app-12?from=github;Node, JavaScript, REST, API, Express
E-Commerce App;https://projectlearn.io/learn/web-development/project/e-commerce-app-11?from=github;React, Bootstrap, JavaScript, HTML5, CSS3
Netflix Landing Page;https://projectlearn.io/learn/web-development/project/netflix-landing-page-10?from=github;HTML5, CSS3, JavaScript
AI Chatbot;https://projectlearn.io/learn/web-development/project/ai-chatbot-9?from=github;Web Speech API, Node, JavaScript, Express, Socket.io
Social Networking App;https://projectlearn.io/learn/web-development/project/social-networking-app-8?from=github;React, Node, Redux, Firebase, REST
Blockchain;https://projectlearn.io/learn/web-development/project/blockchain-7?from=github;Node, JavaScript, Cryptography, Blockchain
BitTorrent Client;https://projectlearn.io/learn/web-development/project/bittorrent-client-6?from=github;Node, JavaScript, TCP, Computer Networks
URL Shortener with JavaScript;https://projectlearn.io/learn/web-development/project/url-shortener-with-javascript-5?from=github;JavaScript, HTML5, CSS3
Todo List App with JavaScript;https://projectlearn.io/learn/web-development/project/todo-list-app-with-javascript-4?from=github;JavaScript, HTML5, CSS3
JavaScript Animations with Anime.js;https://projectlearn.io/learn/web-development/project/javascript-animations-with-anime.js-3?from=github;JavaScript, CSS3, Library, HTML5, API
Job Board App with React;https://projectlearn.io/learn/web-development/project/job-board-app-with-react-1?from=github;React, Node, Cron, JavaScript, HTML5
Flappy Bird iOS Game using Swift;https://projectlearn.io/learn/mobile-development/project/flappy-bird-ios-game-using-swift-130?from=github;Swift, XCode, iOS
Bull's Eye iOS Game using Swift;https://projectlearn.io/learn/mobile-development/project/bull's-eye-ios-game-using-swift-129?from=github;Swift, XCode, iOS
Task List iOS App using SwiftUI;https://projectlearn.io/learn/mobile-development/project/task-list-ios-app-using-swiftui-128?from=github;Swift, XCode, iOS
Restaurant iOS App using SwiftUI;https://projectlearn.io/learn/mobile-development/project/restaurant-ios-app-using-swiftui-127?from=github;Swift, XCode, iOS
Dice iOS App with Swift;https://projectlearn.io/learn/mobile-development/project/dice-ios-app-with-swift-126?from=github;Swift, XCode, iOS
TrueCaller Clone;https://projectlearn.io/learn/mobile-development/project/truecaller-clone-83?from=github;Java, MySQL, XAMPP, Android
Weather App;https://projectlearn.io/learn/mobile-development/project/weather-app-82?from=github;Java, API, Android
E-Commerce App;https://projectlearn.io/learn/mobile-development/project/e-commerce-app-81?from=github;Java, Firebase, Android
Chat App;https://projectlearn.io/learn/mobile-development/project/chat-app-80?from=github;Java, Firebase, Android
Todo App;https://projectlearn.io/learn/mobile-development/project/todo-app-79?from=github;Flutter, Dart, Android, iOS
Travel App UI;https://projectlearn.io/learn/mobile-development/project/travel-app-ui-78?from=github;Flutter, Dart, Android, iOS
Reddit Client;https://projectlearn.io/learn/mobile-development/project/reddit-client-46?from=github;Android, Kotlin
Todo App;https://projectlearn.io/learn/mobile-development/project/todo-app-24?from=github;React Native, Android, iOS, JavaScript
Photo Library Viewer;https://projectlearn.io/learn/mobile-development/project/photo-library-viewer-19?from=github;C#, iOS, Xamarin, Visual Studio, Android
WhatsApp Clone with React Native;https://projectlearn.io/learn/mobile-development/project/whatsapp-clone-with-react-native-2?from=github;React Native, Node, GraphQL, Apollo, JavaScript
Simple 3D Game using Godot 3.1;https://projectlearn.io/learn/game-development/project/simple-3d-game-using-godot-3.1-150?from=github;Godot, C#, 3D
Simple Puzzle Game in Godot - Box and Switch;https://projectlearn.io/learn/game-development/project/simple-puzzle-game-in-godot---box-and-switch-149?from=github;Godot, C#, 2D
Game Interface From Scratch in Godot 3;https://projectlearn.io/learn/game-development/project/game-interface-from-scratch-in-godot-3-148?from=github;Godot, C#, 2D
2D Game with Godot: Player and Enemy;https://projectlearn.io/learn/game-development/project/2d-game-with-godot:-player-and-enemy-147?from=github;Godot, C#, 2D
Multiplayer Card Game with Socket.io;https://projectlearn.io/learn/game-development/project/multiplayer-card-game-with-socket.io-139?from=github;Phaser 3, Express, Socket.io, JavaScript
Multiplayer Card Game with Unity 2D and Mirror;https://projectlearn.io/learn/game-development/project/multiplayer-card-game-with-unity-2d-and-mirror-137?from=github;C#, Unity, 2D, Mirror
Roguelike Tutorial in Rust;https://projectlearn.io/learn/game-development/project/roguelike-tutorial-in-rust-136?from=github;Rust, 2D
Adventures in Rust - A Basic 2D Game;https://projectlearn.io/learn/game-development/project/adventures-in-rust---a-basic-2d-game-135?from=github;Rust, 2D
Terminal Snake Game with Ruby;https://projectlearn.io/learn/game-development/project/terminal-snake-game-with-ruby-134?from=github;Ruby, 2D
Space Invaders using OpenGL;https://projectlearn.io/learn/game-development/project/space-invaders-using-opengl-133?from=github;OpenGL, C/C++, 2D
Sudoku Solver in C;https://projectlearn.io/learn/game-development/project/sudoku-solver-in-c-132?from=github;C/C++, 2D
Chess Engine In C;https://projectlearn.io/learn/game-development/project/chess-engine-in-c-131?from=github;C/C++, 2D
Flappy Bird iOS Game using Swift;https://projectlearn.io/learn/game-development/project/flappy-bird-ios-game-using-swift-130?from=github;Swift, XCode, iOS
Bull's Eye iOS Game using Swift;https://projectlearn.io/learn/game-development/project/bull's-eye-ios-game-using-swift-129?from=github;Swift, XCode, iOS
Whack-a-Mole with pure JavaScript;https://projectlearn.io/learn/game-development/project/whack-a-mole-with-pure-javascript-124?from=github;JavaScript, HTML5, CSS3
NOKIA 3310 Snake Game using JavaScript;https://projectlearn.io/learn/game-development/project/nokia-3310-snake-game-using-javascript-123?from=github;JavaScript, HTML5, CSS3
Rock Paper Scissors in vanilla JavaScript;https://projectlearn.io/learn/game-development/project/rock-paper-scissors-in-vanilla-javascript-122?from=github;JavaScript, HTML5, CSS3
Tetris with pure JavaScript;https://projectlearn.io/learn/game-development/project/tetris-with-pure-javascript-121?from=github;JavaScript, HTML5, CSS3
Multiplayer Quiz Game with Vue;https://projectlearn.io/learn/game-development/project/multiplayer-quiz-game-with-vue-114?from=github;Vue, Pusher, Node, Express, JavaScript
Minesweeper Game with Vue;https://projectlearn.io/learn/game-development/project/minesweeper-game-with-vue-113?from=github;Vue, Vuex, Vuetify, JavaScript, HTML5
Tetris Game in React;https://projectlearn.io/learn/game-development/project/tetris-game-in-react-102?from=github;React, JavaScript, HTML5, CSS3
2D Breakout Game;https://projectlearn.io/learn/game-development/project/2d-breakout-game-101?from=github;JavaScript, HTML5, CSS3
Sprite Animation;https://projectlearn.io/learn/game-development/project/sprite-animation-100?from=github;JavaScript, HTML5, CSS3
Snake Game;https://projectlearn.io/learn/game-development/project/snake-game-99?from=github;JavaScript, HTML5, CSS3
Memory Game;https://projectlearn.io/learn/game-development/project/memory-game-98?from=github;JavaScript, HTML5, CSS3
Tanks Shooter;https://projectlearn.io/learn/game-development/project/tanks-shooter-93?from=github;3D, Unity, C#
2D Roguelike;https://projectlearn.io/learn/game-development/project/2d-roguelike-92?from=github;2D, Unity, C#
John Lemon's Haunted Jaunt 3D;https://projectlearn.io/learn/game-development/project/john-lemon's-haunted-jaunt-3d-91?from=github;3D, Unity, C#
VR Beginner: The Escape Room;https://projectlearn.io/learn/game-development/project/vr-beginner:-the-escape-room-90?from=github;VR, Unity, C#
Ruby's Adventure;https://projectlearn.io/learn/game-development/project/ruby's-adventure-89?from=github;2D, Unity, C#
RPG Game;https://projectlearn.io/learn/game-development/project/rpg-game-88?from=github;2D, Unity, C#
Roll-a-ball;https://projectlearn.io/learn/game-development/project/roll-a-ball-87?from=github;3D, Unity, C#
FPS Microgame;https://projectlearn.io/learn/game-development/project/fps-microgame-86?from=github;Unity, C#
Platformer Microgame;https://projectlearn.io/learn/game-development/project/platformer-microgame-85?from=github;Unity, C#, 2D
Karting Microgame;https://projectlearn.io/learn/game-development/project/karting-microgame-84?from=github;Unity, C#
Arcade Shooter;https://projectlearn.io/learn/game-development/project/arcade-shooter-47?from=github;LUA, LÖVE
Game of Life;https://projectlearn.io/learn/game-development/project/game-of-life-33?from=github;React, 2D, JavaScript, HTML5, CSS3
Handmade Hero;https://projectlearn.io/learn/game-development/project/handmade-hero-23?from=github;C/C++, OpenGL, 2D
Breakout;https://projectlearn.io/learn/game-development/project/breakout-22?from=github;C/C++, OpenGL, 2D
Tetris;https://projectlearn.io/learn/game-development/project/tetris-21?from=github;C/C++, 2D
NES game;https://projectlearn.io/learn/game-development/project/nes-game-20?from=github;C/C++, Python, 2D
Roguelike Game;https://projectlearn.io/learn/game-development/project/roguelike-game-17?from=github;C#, .NET, RogueSharp, MonoGame, RLNet
Simple RPG Game;https://projectlearn.io/learn/game-development/project/simple-rpg-game-16?from=github;C#, SQL, 2D
CNN that Detects Pneumonia from Chest X-Rays;https://projectlearn.io/learn/machine-learning-and-ai/project/cnn-that-detects-pneumonia-from-chest-x-rays-169?from=github;CNN, Python
Auto-Updating Data Visualizations in Python with AWS;https://projectlearn.io/learn/machine-learning-and-ai/project/auto-updating-data-visualizations-in-python-with-aws-158?from=github;Python, AWS, Matplotlib
Twitter Sentiment Analysis Tool using GCP and Node;https://projectlearn.io/learn/machine-learning-and-ai/project/twitter-sentiment-analysis-tool-using-gcp-and-node-156?from=github;API, GCP, Node, JavaScript
Twitter Sentiment Analysis using CNN;https://projectlearn.io/learn/machine-learning-and-ai/project/twitter-sentiment-analysis-using-cnn-120?from=github;Python, Matplotlib, Numpy, Pandas
Taylor Swift Lyrics Generator;https://projectlearn.io/learn/machine-learning-and-ai/project/taylor-swift-lyrics-generator-77?from=github;Python, Keras, Numpy, Pandas
MNIST Digit Recognizer;https://projectlearn.io/learn/machine-learning-and-ai/project/mnist-digit-recognizer-76?from=github;Python, Keras, TensorFlow, Numpy, SciKit
Train a Model to Generate Colors;https://projectlearn.io/learn/machine-learning-and-ai/project/train-a-model-to-generate-colors-75?from=github;Python, Keras, TensorFlow, Numpy
Image Caption Generator;https://projectlearn.io/learn/machine-learning-and-ai/project/image-caption-generator-74?from=github;Python, TensorFlow, Numpy
Break a Captcha System using CNN;https://projectlearn.io/learn/machine-learning-and-ai/project/break-a-captcha-system-using-cnn-73?from=github;Python, Keras, TensorFlow, OpenCV, Numpy
Generate an Average Face;https://projectlearn.io/learn/machine-learning-and-ai/project/generate-an-average-face-72?from=github;Python, OpenCV, Numpy, C/C++
Image Stitching;https://projectlearn.io/learn/machine-learning-and-ai/project/image-stitching-71?from=github;Python, OpenCV, Numpy
Hand Keypoint Detection;https://projectlearn.io/learn/machine-learning-and-ai/project/hand-keypoint-detection-70?from=github;Python, OpenCV, Numpy, C/C++
Eigenface;https://projectlearn.io/learn/machine-learning-and-ai/project/eigenface-69?from=github;Python, OpenCV, Numpy, C/C++
Drone Target Detection;https://projectlearn.io/learn/machine-learning-and-ai/project/drone-target-detection-68?from=github;Python, OpenCV, Numpy
Object Detection using Mask R-CNN;https://projectlearn.io/learn/machine-learning-and-ai/project/object-detection-using-mask-r-cnn-67?from=github;Python, OpenCV, Numpy
Facial Landmark Detection;https://projectlearn.io/learn/machine-learning-and-ai/project/facial-landmark-detection-66?from=github;Python, OpenCV, DLib, Numpy
Text Skew Correction;https://projectlearn.io/learn/machine-learning-and-ai/project/text-skew-correction-65?from=github;Python, OpenCV, Numpy
OCR and Text Recognition;https://projectlearn.io/learn/machine-learning-and-ai/project/ocr-and-text-recognition-64?from=github;Python, OpenCV, Tesseract, Numpy
People Counter;https://projectlearn.io/learn/machine-learning-and-ai/project/people-counter-63?from=github;Python, OpenCV, Numpy
Text Detection;https://projectlearn.io/learn/machine-learning-and-ai/project/text-detection-62?from=github;Python, OpenCV, Numpy
Semantic Segmentation;https://projectlearn.io/learn/machine-learning-and-ai/project/semantic-segmentation-61?from=github;Python, OpenCV, Numpy
Object Tracking;https://projectlearn.io/learn/machine-learning-and-ai/project/object-tracking-60?from=github;Python, OpenCV, Numpy, CamShift
Face Clustering;https://projectlearn.io/learn/machine-learning-and-ai/project/face-clustering-59?from=github;Python, OpenCV, Numpy
Barcode Scanner;https://projectlearn.io/learn/machine-learning-and-ai/project/barcode-scanner-58?from=github;Python, OpenCV, ZBar, Numpy
Saliency Detection;https://projectlearn.io/learn/machine-learning-and-ai/project/saliency-detection-57?from=github;Python, OpenCV, Numpy
Face Detection;https://projectlearn.io/learn/machine-learning-and-ai/project/face-detection-56?from=github;Python, OpenCV, Numpy
Document Scanner;https://projectlearn.io/learn/machine-learning-and-ai/project/document-scanner-55?from=github;Python, OpenCV, Numpy, SciKit
Music Recommender;https://projectlearn.io/learn/machine-learning-and-ai/project/music-recommender-54?from=github;Python, SciKit, Numpy, Pandas
Predict Quality of Wine;https://projectlearn.io/learn/machine-learning-and-ai/project/predict-quality-of-wine-53?from=github;Python, Matplotlib, Numpy, Pandas
Genetic Algorithms;https://projectlearn.io/learn/machine-learning-and-ai/project/genetic-algorithms-52?from=github;Python, SciKit, Numpy, Pandas
DeepDream;https://projectlearn.io/learn/machine-learning-and-ai/project/deepdream-51?from=github;Python, TensorFlow, Visualization
Stock Price Prediction;https://projectlearn.io/learn/machine-learning-and-ai/project/stock-price-prediction-50?from=github;Python, SciKit, Matplotlib
Movie Recommendation Systems;https://projectlearn.io/learn/machine-learning-and-ai/project/movie-recommendation-systems-49?from=github;Python, LightFM
Twitter Sentiment Analysis;https://projectlearn.io/learn/machine-learning-and-ai/project/twitter-sentiment-analysis-48?from=github;Python, API
Chat App with Sentiment Analysis;https://projectlearn.io/learn/machine-learning-and-ai/project/chat-app-with-sentiment-analysis-35?from=github;NextJS, Pusher, Sentiment, Node, React
Create a Voice assistant using python;https://www.geeksforgeeks.org/voice-assistant-using-python/;Python
Vue 2 + Pub/Sub: Build a peer to peer multi-user platform for games;https://www.ably.io/tutorials/peer-to-peer-vue;VueJS
Build a Community-driven delivery application with Django, Postgres and JavaScript;https://medium.com/egen/thinking-of-building-a-contact-tracing-application-heres-what-you-can-do-instead-4522e1d98739;Python, Django, Javascript
Build a JPEG Image decoder using Python;https://yasoob.me/posts/understanding-and-writing-jpeg-decoder-in-python/;Python
Build a Jira clone application with Angular;https://trungk18.com/experience/angular-jira-clone-tutorial-01-planning-and-set-up;Angular
Building a Chat Application in Go with ReactJS;https://tutorialedge.net/projects/chat-system-in-go-and-react/part-1-initial-setup/;Golang, React
Write your own Zip from scratch in C;https://www.hanshq.net/zip.html;C/C++
Write Othello Game from scratch in C;https://www.hanshq.net/othello.html;C/C++
Write BigInt Calculator in C;https://www.hanshq.net/bigint.html;C/C++
Getting Started with Rust by Building a Tiny Markdown Compiler;https://jesselawson.org/rust/getting-started-with-rust-by-building-a-tiny-markdown-compiler/;Rust
Learn Rust by writing a simple game;https://opensource.com/article/20/12/learn-rust;Rust
Learn what is a Blockchain by creating one in NodeJS;https://developers.caffeina.com/chiccocoin-learn-what-is-a-blockchain-by-creating-one-in-nodejs-12929a89208b?gi=625cde329489;NodeJS
Learn React by building the HackerNews front page;https://github.com/mking/react-hn;React
Implementing a Virtual Machine in C;https://felixangell.com/blogs/virtual-machine-in-c;C/C++
Writing a Game Boy emulator;https://cturt.github.io/cinoop.html;C/C++
HTTP Server: Everything you need to know to Build a simple HTTP server from scratch;https://medium.com/from-the-scratch/http-server-what-do-you-need-to-know-to-build-a-simple-http-server-from-scratch-d1ef8945e4fa;C/C++
Write an MQTT broker from scratch;https://codepr.github.io/posts/sol-mqtt-broker;C/C++
Let's code a TCP/IP stack;http://www.saminiir.com/lets-code-tcp-ip-stack-1-ethernet-arp/;C/C++
Astroids Clone;https://gtk.dashgl.com/?folder=Astroids;C/C++
Brickout Clone;https://gtk.dashgl.com/?folder=Brickout;C/C++
Chess Engine In C;https://www.youtube.com/playlist?list=PLZ1QII7yudbc-Ky058TEaOstZHVbT-2hg ;C/C++
Coding A Sudoku Solver in C;https://www.youtube.com/playlist?list=PLkTXsX7igf8edTYU92nU-f5Ntzuf-RKvW ;C/C++
Coding a Rogue/Nethack RPG in C;https://www.youtube.com/playlist?list=PLkTXsX7igf8erbWGYT4iSAhpnJLJ0Nk5G ;C/C++
Create a Game Loop using C and SDL;https://www.udemy.com/course/game-loop-c-sdl/ ;C/C++
Creating a 2D platformer;https://www.parallelrealities.co.uk/tutorials/#ppp;C/C++
Creating a 2D shoot 'em up;https://www.parallelrealities.co.uk/tutorials/#shooter;C/C++
Creating a 2D top-down shooter;https://www.parallelrealities.co.uk/tutorials/#bad;C/C++
Handmade Hero;https://handmadehero.org/  ;C/C++
Hangman;https://www.youtube.com/playlist?list=PLZ1QII7yudbd2ZHYSEWrSddsvD5PW_r5O ;C/C++
How to Program a Text Adventure in C;https://helderman.github.io/htpataic/htpataic01.html ;C/C++
Implementing Solitaire in C;https://jborza.github.io/games/2020/07/12/solitaire-cli.html;C/C++
Invaders Clone;https://gtk.dashgl.com/?folder=Invaders;C/C++
Learn How To Develop Your Own GameBoy Games;https://www.youtube.com/playlist?list=PLeEj4c2zF7PaFv5MPYhNAkBGrkx4iPGJo  ;C/C++
Learn Video Game Programming in C;https://www.youtube.com/playlist?list=PLT6WFYYZE6uLMcPGS3qfpYm7T_gViYMMt ;C/C++
Let's Make: Dangerous Dave;https://www.youtube.com/playlist?list=PLSkJey49cOgTSj465v2KbLZ7LMn10bCF9 ;C/C++
Making a game in C from scratch;https://www.youtube.com/playlist?list=PL7Ej6SUky1357r-Lqf_nogZWHssXP-hvH ;C/C++
Making a Video Game from Scratch in C;https://www.youtube.com/playlist?list=PLlaINRtydtNWuRfd4Ra3KeD6L9FP_tDE7  ;C/C++
On Tetris and Reimplementation;https://brennan.io/2015/06/12/tetris-reimplementation/;C/C++
SDL 2 Isometric Game Tutorial;https://www.youtube.com/playlist?list=PL6Ikt4l3NbVjb7WR-eTgjOBMNCn7f3u7x  ;C/C++
Simple Tic Tac Toe in C;https://www.youtube.com/playlist?list=PLZ1QII7yudbc7_ZgXA-gIXmME41Rs2GP5 ;C/C++
Tic-tac-toe Game in C with SDL;https://www.youtube.com/watch?v=gCVMkKgs3uQ;C/C++
Write The Old-School Fire Effect and Bare-Metal Programming in Assembly and C;https://www.hanshq.net/fire.html;C/C++
Writing 2D Games in C using SDL;https://www.youtube.com/watch?v=yFLa3ln16w0;C/C++
Writing a Game Boy Advance Game;https://www.reinterpretcast.com/writing-a-game-boy-advance-game;C/C++
Build a minimal multi-tasking OS kernel for ARM from scratch;https://github.com/jserv/mini-arm-os;C/C++
Build Your Own Shell;https://github.com/tokenrove/build-your-own-shell;C/C++
Building an Operating System for the Raspberry Pi;https://jsandler18.github.io/;C/C++
Hack the Virtual Memory;https://blog.holbertonschool.com/hack-virtual-memory-stack-registers-assembly-code/;C/C++
How to Create an OS from Scratch;https://github.com/cfenollosa/os-tutorial ;C/C++
Learning operating system development using Linux kernel and Raspberry Pi;https://github.com/s-matyukevich/raspberry-pi-os ;C/C++
Let's build a shell!;https://github.com/kamalmarhubi/shell-workshop;C/C++
Let's Write a Malloc;https://danluu.com/malloc-tutorial/;C/C++
Roll your own toy UNIX-clone OS;http://www.jamesmolloy.co.uk/tutorial_html/;C/C++
Write a Simple Memory Allocator;https://arjunsreedharan.org/post/148675821737/write-a-simple-memory-allocator;C/C++
Write a System Call;https://brennan.io/2016/11/14/kernel-dev-ep3/;C/C++
Writing a shell in C;https://danishprakash.github.io/2018/01/15/write-a-shell.html;C/C++
Writing a Unix Shell;https://indradhanush.github.io/blog/writing-a-unix-shell-part-1;C/C++
Baby's First Garbage Collector;http://journal.stuffwithstuff.com/2013/12/08/babys-first-garbage-collector/;C/C++
Build Your Own Lisp;http://www.buildyourownlisp.com/ ;C/C++
Compiler Design in C;https://holub.com/goodies/compiler/compilerDesignInC.pdf ;C/C++
Crafting Interpreters;http://www.craftinginterpreters.com/  *Chapters 14-30*;C/C++
Let's Build a Compiler: A C & x86 version;https://github.com/lotabout/Let-s-build-a-compiler;C/C++
Write a C Interpreter;https://github.com/lotabout/write-a-C-interpreter;C/C++
Writing a Simple Garbage Collector in C;http://maplant.com/gc.html;C/C++
A dummy blockchain implementation in C;https://myram.xyz/c-blockchain-implementation-1/;C/C++
Build Your Own Text Editor;https://viewsourcecode.org/snaptoken/kilo/;C/C++
How to Write a Video Player in Less Than 1000 Lines;http://dranger.com/ffmpeg/ffmpeg.html;C/C++
Writing an SVG Library;http://www.codedrome.com/svg-library-in-c/;C/C++
Introduction to Ray Tracing: a Simple Method for Creating 3D Images;https://www.scratchapixel.com/lessons/3d-basic-rendering/introduction-to-ray-tracing/how-does-it-work;C/C++
Raycasting engine of Wolfenstein 3D;http://lodev.org/cgtutor/raycasting.html;C/C++
Physically Based Rendering:From Theory To Implementation;http://www.pbr-book.org/;C/C++
Rasterization: a Practical Implementation;https://www.scratchapixel.com/lessons/3d-basic-rendering/rasterization-practical-implementation/overview-rasterization-algorithm;C/C++
Learning how to write a 3D soft engine from scratch in C#, TypeScript or JavaScript;https://www.davrous.com/2013/06/13/tutorial-series-learning-how-to-write-a-3d-soft-engine-from-scratch-in-c-typescript-or-javascript/;C#, TypeScript, JavaScript
Build your own 3D renderer;https://avik-das.github.io/build-your-own-raytracer/;Java
How to create your own simple 3D render engine in pure Java;http://blog.rogach.org/2015/08/how-to-create-your-own-simple-3d-render.html;Java
A 3D Modeller;http://aosabook.org/en/500L/a-3d-modeller.html;Python
Augmented Reality with Python and OpenCV;https://bitesofcode.wordpress.com/2017/09/12/augmented-reality-with-python-and-opencv-part-1/;Python, OpenCV
Building a BitTorrent client from scratch in C#;https://www.seanjoflynn.com/research/bittorrent.html;C#
Programming The Blockchain in C#;https://programmingblockchain.gitbooks.io/programmingblockchain/;C#
Neural Network OCR;https://www.codeproject.com/Articles/11285/Neural-Network-OCR;C#
Building a BitTorrent client from the ground up in Go;https://blog.jse.li/posts/torrent/;Golang
Building Blockchain in Go;https://jeiwan.cc/posts/building-blockchain-in-go-part-1/;Golang
Code your own blockchain in less than 200 lines of Go;https://medium.com/@mycoralhealth/code-your-own-blockchain-in-less-than-200-lines-of-go-e296282bcffc;Golang
Build Your Own Container Using Less than 100 Lines of Go;https://www.infoq.com/articles/build-a-container-golang;Golang
Building a container from scratch in Go;https://www.youtube.com/watch?v=8fi7uSYlOdc ;Golang
Build a multilayer perceptron with Golang;https://made2591.github.io/posts/neuralnetwork;Golang
How to build a simple artificial neural network with Go;https://sausheong.github.io/posts/how-to-build-a-simple-artificial-neural-network-with-go/;Golang
Building a Neural Net from Scratch in Go;https://datadan.io/blog/neural-net-with-go;Golang
The Super Tiny Compiler;https://github.com/hazbo/the-super-tiny-compiler;Golang
Lexical Scanning in Go;https://www.youtube.com/watch?v=HxaD_trXwRE ;Golang
Writing a simple shell in Go;https://sj14.gitlab.io/post/2018-07-01-go-unix-shell/;Golang
Let's Create a Simple Load Balancer;https://kasvith.github.io/posts/lets-create-a-simple-lb-go/;Golang
Write your own bittorrent client;https://allenkim67.github.io/programming/2016/05/04/how-to-make-your-own-bittorrent-client.html;NodeJS
A BitTorrent client in Python 3.5;http://markuseliasson.se/article/bittorrent-in-python/;Python
Build your own blockchain: a Python tutorial;http://ecomunsing.com/build-your-own-blockchain;Python
A Practical Introduction to Blockchain with Python;http://adilmoujahid.com/posts/2018/03/intro-blockchain-bitcoin-python/;Python
Let’s Build the Tiniest Blockchain;https://medium.com/crypto-currently/lets-build-the-tiniest-blockchain-e70965a248b;Python
How to Build Your First Slack Bot with Python;https://www.fullstackpython.com/blog/build-first-slack-bot-python.html;Python
How to build a Slack Bot with Python using Slack Events API & Django under 20 minute;https://medium.com/freehunch/how-to-build-a-slack-bot-with-python-using-slack-events-api-django-under-20-minute-code-included-269c3a9bf64e;Python
How To Make A Reddit Bot;https://www.youtube.com/watch?v=krTUf7BpTc0 ;Python
Creating Reddit Bot with Python & PRAW;https://www.youtube.com/playlist?list=PLIFBTFgFpoJ9vmYYlfxRFV6U_XhG-4fpP ;Python
Write your own miniature Redis with Python;http://charlesleifer.com/blog/building-a-simple-redis-server-with-python/;Python
A workshop on Linux containers: Rebuild Docker from Scratch;https://github.com/Fewbytes/rubber-docker;Python
A proof-of-concept imitation of Docker, written in 100% Python;https://github.com/tonybaloney/mocker;Python
Just enough of a Git client to create a repo, commit, and push itself to GitHub;https://benhoyt.com/writings/pygit/;Python
Optical Character Recognition OCR;http://aosabook.org/en/500L/optical-character-recognition-ocr.html;Python
Traffic signs classification with a convolutional network;https://navoshta.com/traffic-signs-classification/;Python
Generate Music using LSTM Neural Network in Keras;https://towardsdatascience.com/how-to-generate-music-using-a-lstm-neural-network-in-keras-68786834d4c5;Python
A Python Interpreter Written in Python;http://aosabook.org/en/500L/a-python-interpreter-written-in-python.html;Python
Building a search engine using Redis and redis-py;http://www.dr-josiah.com/2010/07/building-search-engine-using-redis-and.html;Python
Python Tutorial: Make Your Own Text Editor;https://www.youtube.com/watch?v=xqDonHEYPgA ;Python
Developing a License Plate Recognition System with Machine Learning in Python;https://blog.devcenter.co/developing-a-license-plate-recognition-system-with-machine-learning-in-python-787833569ccd;Python
Build a Deep Learning Library;https://www.youtube.com/watch?v=o64FV-ez6Gw ;Python
Recommender Systems in Python: Beginner Tutorial;https://www.datacamp.com/community/tutorials/recommender-systems-python;Python
Write SMS-spam detector with Scikit-learn;https://medium.com/@kopilov.vlad/detect-sms-spam-in-kaggle-with-scikit-learn-5f6afa7a3ca2;Python
A Simple Content-Based Recommendation Engine in Python;http://blog.untrod.com/2016/06/simple-similar-products-recommendation-engine-in-python.html;Python
Stock Market Predictions with LSTM in Python;https://www.datacamp.com/community/tutorials/lstm-python-stock-market;Python
Creating Your First Blockchain with Java;https://medium.com/programmers-blockchain/create-simple-blockchain-java-tutorial-from-scratch-6eeed3cb03fa;Java
How To Make a Scary Russian Twitter Bot With Java;https://medium.com/@SeloSlav/how-to-make-a-scary-russian-twitter-bot-with-java-b7b62768a3ac;Java
How to Build an Android Reddit App;https://www.youtube.com/playlist?list=PLgCYzUzKIBE9HUJU-upNvl3TRVAo9W47y;Java
A Compiler From Scratch;https://www.destroyallsoftware.com/screencasts/catalog/a-compiler-from-scratch;Ruby
Markdown compiler from scratch in Ruby;https://blog.beezwax.net/2017/07/07/writing-a-markdown-compiler/;Ruby
How to write a template engine in less than 30 lines of code;http://bits.citrusbyte.com/how-to-write-a-template-library/;Ruby
A Pedometer in the Real World;http://aosabook.org/en/500L/a-pedometer-in-the-real-world.html;Ruby
A cryptocurrency implementation in less than 1500 lines of code;https://github.com/conradoqg/naivecoin;Javascript
Build your own Blockchain in JavaScript;https://github.com/nambrot/blockchain-in-js;Javascript
Learn & Build a JavaScript Blockchain;https://medium.com/digital-alchemy-holdings/learn-build-a-javascript-blockchain-part-1-ca61c285821e;Javascript
Creating a blockchain with JavaScript;https://github.com/SavjeeTutorials/SavjeeCoin;Javascript
How To Launch Your Own Production-Ready Cryptocurrency;https://hackernoon.com/how-to-launch-your-own-production-ready-cryptocurrency-ab97cb773371;Javascript
Writing a Blockchain in Node.js;https://www.hackdoor.io/articles/writing-a-blockchain-in-nodejs-6512fec33307;Javascript
A DIY guide to build your own React;https://github.com/hexacta/didact;Javascript
Building React From Scratch;https://www.youtube.com/watch?v=_MAD4Oly9yg ;Javascript
Building Your Own React Clone in Five Easy Steps;https://blog.javascripting.com/2016/10/05/building-your-own-react-clone-in-five-easy-steps/;Javascript
Gooact: React in 160 lines of JavaScript;https://medium.com/@sweetpalma/gooact-react-in-160-lines-of-javascript-44e0742ad60f;Javascript
Redux: Implementing Store from Scratch;https://egghead.io/lessons/react-redux-implementing-store-from-scratch ;Javascript
Build Your own Simplified AngularJS in 200 Lines of JavaScript;https://blog.mgechev.com/2015/03/09/build-learn-your-own-light-lightweight-angularjs/;Javascript
Make Your Own AngularJS;http://teropa.info/blog/2013/11/03/make-your-own-angular-part-1-scopes-and-digest.html;Javascript
How to write your own Virtual DOM;https://medium.com/@deathmood/how-to-write-your-own-virtual-dom-ee74acc13060;Javascript
Build your own 8-Ball Pool game from scratch;https://www.youtube.com/watch?v=aXwCrtAo4Wc ;Javascript
How to Make Your First Roguelike;https://gamedevelopment.tutsplus.com/tutorials/how-to-make-your-first-roguelike--gamedev-13677;Javascript
Neural Network implementation in JavaScript, by an example;https://franpapers.com/en/machine-learning-ai-en/2017-neural-network-implementation-in-javascript-by-an-example/;Javascript
The Super Tiny Compiler;https://github.com/jamiebuilds/the-super-tiny-compiler;Javascript
The Super Tiny Interpreter;https://github.com/keyanzhang/the-super-tiny-interpreter;Javascript
Build a Regex Engine in Less than 40 Lines of Code;https://nickdrane.com/build-your-own-regex/;Javascript
JavaScript template engine in just 20 lines;http://krasimirtsonev.com/blog/article/Javascript-template-engine-in-just-20-line;Javascript
How to build a simple actor-based blockchain;https://medium.freecodecamp.org/how-to-build-a-simple-actor-based-blockchain-aac1e996c177;Scala
Naivecoin: a tutorial for building a cryptocurrency;https://lhartikk.github.io/;TypeScript
NaivecoinStake: a tutorial for building a cryptocurrency with the Proof of Stake consensus;https://naivecoinstake.learn.uno/;TypeScript
Reimplementing “git clone” in Haskell from the bottom up;http://stefan.saasen.me/articles/git-clone-in-haskell-from-the-bottom-up/;Haskell
Creating a Simple Facebook Messenger AI Bot with API.ai in Node.js;https://tutorials.botsfloor.com/creating-a-simple-facebook-messenger-ai-bot-with-api-ai-in-node-js-50ae2fa5c80d;NodeJS
How to make a responsive telegram bot;https://www.sohamkamani.com/blog/2016/09/21/making-a-telegram-bot/;NodeJS
Create a Discord bot;https://discordjs.guide/;NodeJS
gifbot - Building a GitHub App;https://blog.scottlogic.com/2017/05/22/gifbot-github-integration.html;NodeJS
Building A Simple AI Chatbot With Web Speech API And Node.js;https://www.smashingmagazine.com/2017/08/ai-chatbot-web-speech-api-node-js/;NodeJS
How to create a real-world Node CLI app with Node;https://medium.freecodecamp.org/how-to-create-a-real-world-node-cli-app-with-node-391b727bbed3;NodeJS
A bot for Starcraft in Rust, C or any other language;https://habr.com/en/post/436254/;Rust
Adventures in Rust: A Basic 2D Game;https://a5huynh.github.io/posts/2018/adventures-in-rust/;Rust
Roguelike Tutorial in Rust + tcod;https://tomassedovic.github.io/roguelike-tutorial/;Rust
Building a DNS server in Rust;https://github.com/EmilHernvall/dnsguide/blob/master/README.md;Rust
A Regular Expression Matcher;https://www.cs.princeton.edu/courses/archive/spr09/cos333/beautiful.html;C/C++
Regular Expression Matching Can Be Simple And Fast;https://swtch.com/~rsc/regexp/regexp1.html;C/C++
How to write an emulator CHIP-8 interpreter;http://www.multigesture.net/articles/how-to-write-an-emulator-chip-8-interpreter/;C/C++
Emulation tutorial CHIP-8 interpreter;http://www.codeslinger.co.uk/pages/projects/chip8.html;C/C++
Emulation tutorial GameBoy emulator;http://www.codeslinger.co.uk/pages/projects/gameboy.html;C/C++
Emulation tutorial Master System emulator;http://www.codeslinger.co.uk/pages/projects/mastersystem/memory.html;C/C++
NES Emulator From Scratch;https://www.youtube.com/playlist?list=PLrOv9FMX8xJHqMvSGB_9G9nZZ_4IgteYf ;C/C++
Designing a Simple Text Editor;http://www.fltk.org/doc-1.1/editor.html;C/C++
Build your own VR headset for $100;https://github.com/relativty/Relativ;C/C++
How X Window Managers work and how to write one;https://seasonofcode.com/posts/how-x-window-managers-work-and-how-to-write-one-part-i.html;C/C++
How a 64k intro is made;http://www.lofibucket.com/articles/64k_intro.html;C/C++
From zero to fully functional video conference app using Go and webRTC;https://medium.com/@ramezemadaiesec/from-zero-to-fully-functional-video-conference-app-using-go-and-webrtc-7d073c9287da;Golang, Angular, WebRTC
HOW TO CREATE A WEBRTC VIDEO CALL APP WITH NODE.JS;https://pusher.com/tutorials/webrtc-video-call-app-nodejs;NodeJS, WebRTC
How to create a video chat app with WebRTC;https://youtu.be/DvlyzDZDEq4;JavaScript, WebRTC
Build a Video Chat Application with Python, JavaScript and Twilio Programmable Video;https://www.twilio.com/blog/build-video-chat-application-python-javascript-twilio-programmable-video;Python, JavaScript, Flask
